﻿Disease_Name,Severity_Level,Disability_Weight,Quality_Of_Life_Score,Requires_Daily_Medication,Hospitalization_Rate_Percent,Data_Year,Data_Date
Diabetes Type 2,Moderate,0.15,6.5,Yes,12.5,2024,2024-11-29
Diabetes Type 1,High,0.28,5.2,Yes,18.2,2024,2024-11-29
Hypertension,Moderate,0.08,7.2,Yes,8.5,2024,2024-11-29
Cardiovascular Diseases,High,0.35,5.8,Yes,22.5,2024,2024-11-29
Stroke,Very High,0.68,3.5,Yes,35.8,2024,2024-11-29
COPD,High,0.45,4.8,Yes,28.5,2024,2024-11-29
Chronic Kidney Disease,High,0.42,5.0,Yes,32.0,2024,2024-11-29
End-Stage Renal Disease,Very High,0.78,3.2,Yes,85.0,2024,2024-11-29
Liver Cancer,Very High,0.85,2.8,Yes,45.0,2024,2024-11-29
Dementia,Very High,0.72,3.0,Yes,18.5,2024,2024-11-29
Osteoarthritis,Moderate,0.25,6.0,No,5.2,2024,2024-11-29
Depression,Moderate,0.32,5.5,Yes,8.5,2024,2024-11-29
