﻿Disease_Name,Monthly_Treatment_Cost_EGP,Insurance_Coverage_Percent,Out_Of_Pocket_Cost_EGP,Medication_Availability_Percent,Access_To_Specialists_Percent,Data_Year,Data_Date
Diabetes Type 2,850,65,298,85,45,2024,2024-11-29
Diabetes Type 1,2400,55,1080,72,38,2024,2024-11-29
Hypertension,420,75,105,95,65,2024,2024-11-29
COPD,950,60,380,78,42,2024,2024-11-29
Chronic Kidney Disease,1800,50,900,68,35,2024,2024-11-29
End-Stage Renal Disease,12500,45,6875,85,52,2024,2024-11-29
Breast Cancer,8500,70,2550,75,58,2024,2024-11-29
Depression,650,40,390,65,28,2024,2024-11-29
Osteoarthritis,580,55,261,88,48,2024,2024-11-29
