﻿Disease_ID,Disease_Name,Category,Prevalence_Percent,Total_Cases,Annual_Deaths,Global_Rank,Data_Year,Data_Date,Source
DM_T2,Diabetes Type 2,Metabolic,22.4,26521600,85000.0,9.0,2024,2024-11-29,IDF Diabetes Atlas 2024
DM_T1,Diabetes Type 1,Metabolic,0.27,319680,1200.0,15.0,2024,2024-11-29,IDF Atlas 2024
PREDM,Prediabetes,Metabolic,14.5,17168000,,,2024,2024-11-29,Egyptian DHS 2024
OBS,Obesity,Metabolic,35.0,41440000,115000.0,1.0,2024,2024-11-29,WHO World Obesity 2024
C_OBS,Central Obesity,Metabolic,28.7,33980800,,,2024,2024-11-29,WHO EMRO 2024
METS,Metabolic Syndrome,Metabolic,31.2,36940800,18500.0,,2024,2024-11-29,NCRI Egypt 2024
HTN,Hypertension,Cardiovascular,40.0,47360000,,,2024,2024-11-29,WHO EMRO STEPwise 2024
CVD,Cardiovascular Diseases,Cardiovascular,42.6,50438400,250000.0,,2024,2024-11-29,WHO EMRO 2024
IHD,Ischemic Heart Disease,Cardiovascular,33.6,39782400,58000.0,,2024,2024-11-29,Egyptian Cardiology Society 2024
STR,Stroke,Cardiovascular,15.3,18115200,42000.0,,2024,2024-11-29,WHO Estimates 2024
HF,Heart Failure,Cardiovascular,2.8,3315200,12400.0,,2024,2024-11-29,Egyptian Heart Foundation 2024
AF,Atrial Fibrillation,Cardiovascular,1.2,1420800,3500.0,,2024,2024-11-29,Egyptian Studies 2024
COPD,COPD,Respiratory,6.6,7814400,,,2024,2024-11-29,Egyptian Respiratory Society 2024
ASTH,Asthma,Respiratory,6.7,7932800,2800.0,,2024,2024-11-29,SNAPSHOT Study 2024
BRON,Chronic Bronchitis,Respiratory,4.2,4972800,,,2024,2024-11-29,Egyptian Medical Association 2024
CKD,Chronic Kidney Disease,Kidney,13.0,15392000,25000.0,,2024,2024-11-29,Egyptian Nephrology Society 2024
ESRD,End-Stage Renal Disease,Kidney,0.08,94720,44000.0,,2024,2024-11-29,WHO Egypt 2024
FLD,Fatty Liver Disease,Liver,35.0,41440000,,,2024,2024-11-29,Egyptian Hepatology Society 2024
HCV,Chronic Hepatitis C,Liver,7.0,8288000,8500.0,10.0,2024,2024-11-29,WHO Egypt HCV 2024
CIRR,Cirrhosis,Liver,1.8,2131200,15600.0,,2024,2024-11-29,Egyptian Liver Studies 2024
CA_LIV,Liver Cancer,Cancer,0.028,33152,26971.0,1.0,2024,2024-11-29,GLOBOCAN 2022
CA_BRE,Breast Cancer,Cancer,0.026,30783,9596.0,2.0,2024,2024-11-29,GLOBOCAN 2022
CA_LUN,Lung Cancer,Cancer,0.0074,8761,6805.0,5.0,2024,2024-11-29,GLOBOCAN 2022
CA_COL,Colorectal Cancer,Cancer,0.0058,6867,3096.0,7.0,2024,2024-11-29,GLOBOCAN 2022
CA_BLA,Bladder Cancer,Cancer,0.0041,4854,2890.0,8.0,2024,2024-11-29,GLOBOCAN 2022
CA_STO,Stomach Cancer,Cancer,0.003,3552,2450.0,11.0,2024,2024-11-29,GLOBOCAN 2022
DEP,Depression,Mental Health,5.8,6867200,,,2024,2024-11-29,WHO Mental Health Egypt 2024
ANX,Anxiety Disorders,Mental Health,8.2,9708800,,,2024,2024-11-29,WHO Mental Health Egypt 2024
OA,Osteoarthritis,Musculoskeletal,12.5,14800000,,,2024,2024-11-29,Egyptian Orthopedic Society 2024
RA,Rheumatoid Arthritis,Musculoskeletal,0.4,473600,,,2024,2024-11-29,Egyptian Rheumatology 2024
OSTEO,Osteoporosis,Musculoskeletal,6.8,8051200,18500.0,,2024,2024-11-29,IOF Egypt 2024
DEM,Dementia,Neurological,1.5,1776000,12000.0,,2024,2024-11-29,WHO Neurological Disorders 2024
EPI,Epilepsy,Neurological,0.65,769600,4200.0,,2024,2024-11-29,Egyptian Neurology Society 2024
