﻿Disease_Name,Gender,Prevalence_Percent,Gender_Population,Estimated_Cases,Data_Year,Data_Date
Diabetes Type 2,Male,18.8,59200000,11129600,2024,2024-11-29
Diabetes Type 2,Female,25.9,59200000,15332800,2024,2024-11-29
Diabetes Type 1,Male,0.25,59200000,148000,2024,2024-11-29
Diabetes Type 1,Female,0.29,59200000,171680,2024,2024-11-29
Hypertension,Male,38.0,59200000,22496000,2024,2024-11-29
Hypertension,Female,42.0,59200000,24864000,2024,2024-11-29
Obesity,Male,25.9,59200000,15332800,2024,2024-11-29
Obesity,Female,44.7,59200000,26462400,2024,2024-11-29
COPD,Male,8.0,59200000,4736000,2024,2024-11-29
COPD,Female,5.5,59200000,3256000,2024,2024-11-29
Asthma,Male,5.0,59200000,2960000,2024,2024-11-29
Asthma,Female,8.0,59200000,4736000,2024,2024-11-29
Cardiovascular Diseases,Male,45.0,59200000,26640000,2024,2024-11-29
Cardiovascular Diseases,Female,40.2,59200000,23798400,2024,2024-11-29
Chronic Kidney Disease,Male,14.2,59200000,8406400,2024,2024-11-29
Chronic Kidney Disease,Female,11.8,59200000,6985600,2024,2024-11-29
Depression,Male,3.2,59200000,1894400,2024,2024-11-29
Depression,Female,8.4,59200000,4972800,2024,2024-11-29
Osteoarthritis,Male,8.5,59200000,5032000,2024,2024-11-29
Osteoarthritis,Female,16.5,59200000,9768000,2024,2024-11-29
Breast Cancer,Male,0.01,59200000,5920,2024,2024-11-29
Breast Cancer,Female,0.053,59200000,31376,2024,2024-11-29
