﻿Risk_Factor_ID,Risk_Factor_Name,Prevalence_Percent,Population_Affected,Associated_Diseases,Severity_Score,Data_Year,Data_Date,Source
RF_SMK,Smoking,24.0,28416000,"COPD, Lung Cancer, CVD",8,2024,2024-11-29,WHO EMRO STEPwise 2024
RF_INACT,Physical Inactivity,74.0,87616000,"Diabetes, Obesity, CVD",9,2024,2024-11-29,WHO EMRO Survey 2024
RF_OBES,Overweight/Obesity,66.0,78144000,"Diabetes, Hypertension, CVD",10,2024,2024-11-29,WHO EMRO Survey 2024
RF_CHOL,High Cholesterol,40.0,47360000,"CVD, Stroke",7,2024,2024-11-29,Egyptian Studies 2024
RF_HBP,High Blood Pressure,40.0,47360000,"CVD, Stroke, Kidney Disease",8,2024,2024-11-29,WHO EMRO 2024
RF_DIET,Unhealthy Diet,58.0,68672000,"Diabetes, Obesity, CVD",8,2024,2024-11-29,National Surveys 2024
RF_BIOM,Biomass Fuel Exposure,82.0,97088000,"COPD, Respiratory Diseases",7,2024,2024-11-29,Egyptian Studies 2024
RF_HCV,HCV Infection History,7.0,8288000,"Liver Cancer, Cirrhosis",9,2024,2024-11-29,WHO Egypt Data 2024
RF_AIR,Air Pollution Exposure,95.0,112480000,"Asthma, COPD, Lung Cancer",8,2024,2024-11-29,WHO Air Quality Egypt 2024
RF_H2O,Insufficient Water Intake,68.0,80512000,"Kidney Disease, Hypertension",6,2024,2024-11-29,Egyptian Health Survey 2024
RF_SALT,Excessive Salt Intake,72.0,85248000,"Hypertension, CVD, Kidney Disease",7,2024,2024-11-29,WHO Egypt 2024
RF_FV,Low Fruit/Vegetable Consumption,85.0,100640000,"CVD, Cancer, Diabetes",7,2024,2024-11-29,FAO Egypt Data 2024
RF_ALC,Alcohol Consumption,2.5,2960000,"Liver Disease, CVD",5,2024,2024-11-29,WHO Egypt 2024
RF_SLEEP,Sleep Deprivation,62.0,73408000,"Obesity, Diabetes, Depression",6,2024,2024-11-29,Egyptian Sleep Study 2024
