﻿Governorate,Governorate_Code,Region,Urban_Rural,Population,Diabetes_Prevalence,Hypertension_Prevalence,Obesity_Prevalence,CKD_Prevalence,Data_Year,Data_Date
Cairo,CAI,Greater Cairo,Urban,10500000,24.5,42.0,38.5,14.2,2024,2024-11-29
Alexandria,ALX,Alexandria,Urban,5800000,23.8,41.5,37.2,13.5,2024,2024-11-29
Giza,GIZ,Greater Cairo,Mixed,9800000,23.2,40.8,36.8,13.8,2024,2024-11-29
Dakahlia,DK,Delta,Mixed,7200000,22.8,42.5,46.7,12.8,2024,2024-11-29
Sharqia,SHR,Delta,Mixed,8000000,21.5,39.5,35.5,12.5,2024,2024-11-29
Qalyubia,QLY,Greater Cairo,Mixed,6000000,22.0,40.0,36.0,13.0,2024,2024-11-29
Beheira,BH,Delta,Rural,6500000,20.8,38.5,33.5,11.8,2024,2024-11-29
Gharbia,GH,Delta,Mixed,5400000,21.2,39.8,35.2,12.2,2024,2024-11-29
Minya,MN,Upper Egypt,Mixed,6200000,20.5,37.5,32.5,12.0,2024,2024-11-29
Assiut,AST,Upper Egypt,Mixed,4800000,19.8,36.8,31.0,11.5,2024,2024-11-29
Sohag,SHG,Upper Egypt,Rural,5500000,19.2,36.0,30.5,11.2,2024,2024-11-29
Qena,QN,Upper Egypt,Rural,3400000,18.5,35.5,28.7,10.8,2024,2024-11-29
Luxor,LX,Upper Egypt,Mixed,1400000,19.0,36.2,31.5,11.0,2024,2024-11-29
Aswan,ASW,Upper Egypt,Mixed,1600000,18.8,35.8,30.8,10.5,2024,2024-11-29
Red Sea,RS,Other,Urban,450000,22.0,39.0,34.0,12.5,2024,2024-11-29
Port Said,PSD,Canal,Urban,800000,23.5,40.5,35.8,13.2,2024,2024-11-29
Suez,SUZ,Canal,Urban,750000,22.8,39.8,34.5,12.8,2024,2024-11-29
Ismailia,IS,Canal,Mixed,1400000,21.8,38.5,33.8,12.0,2024,2024-11-29
Damietta,DT,Delta,Mixed,1700000,21.0,39.2,40.2,11.5,2024,2024-11-29
Kafr El Sheikh,KFS,Delta,Rural,3700000,20.5,38.0,34.8,11.0,2024,2024-11-29
