﻿Disease_Category,Category_Code,Annual_Direct_Cost_Billion_EGP,Annual_Indirect_Cost_Billion_EGP,Total_Annual_Cost_Billion_EGP,Percent_Of_Healthcare_Budget,DALYs_Lost_Thousands,Productivity_Loss_Billion_EGP,Data_Year,Data_Date
Metabolic,MET,82.5,48.2,130.7,28.5,1985,32.5,2024,2024-11-29
Cardiovascular,CVD,45.8,28.3,74.1,18.6,1250,19.2,2024,2024-11-29
Respiratory,RESP,12.5,8.2,20.7,5.2,420,5.6,2024,2024-11-29
Kidney,KID,22.4,14.8,37.2,9.3,540,10.2,2024,2024-11-29
Liver,LIV,15.6,9.7,25.3,6.4,380,6.5,2024,2024-11-29
Cancer,CAN,18.7,12.4,31.1,7.8,680,8.4,2024,2024-11-29
Mental Health,MH,8.9,15.6,24.5,6.2,720,11.2,2024,2024-11-29
Musculoskeletal,MSK,11.2,6.8,18.0,4.5,290,4.5,2024,2024-11-29
Neurological,NEUR,6.8,4.2,11.0,2.8,215,2.8,2024,2024-11-29
Total NCDs,ALL,224.4,148.2,372.6,89.3,6480,100.9,2024,2024-11-29
