﻿Disease_Name,Annual_Deaths,Percent_Of_Total_Deaths,Mortality_Rate_Per_100K,Premature_Death_30_70_Percent,YLL_Years_Of_Life_Lost,Data_Year,Data_Date
Cardiovascular Diseases,250000,38.8,211,28.0,3200000,2024,2024-11-29
Diabetes-Related Deaths,86200,13.4,73,12.5,980000,2024,2024-11-29
Obesity-Related Deaths,115000,17.8,97,15.8,1450000,2024,2024-11-29
Kidney Diseases,69000,10.7,58,8.2,890000,2024,2024-11-29
Respiratory Diseases,42000,6.5,35,6.5,580000,2024,2024-11-29
Liver Cancer,26971,4.2,23,,420000,2024,2024-11-29
Breast Cancer,9596,1.5,8,,185000,2024,2024-11-29
Lung Cancer,6805,1.1,6,,125000,2024,2024-11-29
Colorectal Cancer,3096,0.5,3,,58000,2024,2024-11-29
Cirrhosis,15600,2.4,13,,245000,2024,2024-11-29
Dementia,12000,1.9,10,,180000,2024,2024-11-29
Road Traffic (NCD-related),8500,1.3,7,,142000,2024,2024-11-29
Total NCD Deaths,644768,100.0,544,28.0,8455000,2024,2024-11-29
