﻿Primary_Disease,Comorbid_Disease,Comorbidity_Percent,Relative_Risk,Data_Year,Data_Date
Diabetes Type 2,Hypertension,65.0,2.8,2024,2024-11-29
Diabetes Type 2,Cardiovascular Diseases,45.0,2.5,2024,2024-11-29
Diabetes Type 2,Obesity,75.0,3.2,2024,2024-11-29
Diabetes Type 2,Chronic Kidney Disease,38.5,3.5,2024,2024-11-29
Hypertension,Cardiovascular Diseases,58.0,2.2,2024,2024-11-29
Hypertension,Diabetes Type 2,52.0,2.4,2024,2024-11-29
Hypertension,Chronic Kidney Disease,24.0,2.8,2024,2024-11-29
Hypertension,Stroke,18.5,3.1,2024,2024-11-29
Obesity,Diabetes Type 2,74.0,3.5,2024,2024-11-29
Obesity,Hypertension,68.0,2.9,2024,2024-11-29
Obesity,Cardiovascular Diseases,52.0,2.6,2024,2024-11-29
Obesity,Fatty Liver Disease,75.0,4.2,2024,2024-11-29
Obesity,Osteoarthritis,45.0,2.8,2024,2024-11-29
COPD,Cardiovascular Diseases,24.3,1.8,2024,2024-11-29
COPD,Hypertension,15.0,1.5,2024,2024-11-29
COPD,Depression,28.5,2.1,2024,2024-11-29
Chronic Kidney Disease,Diabetes Type 2,48.5,2.9,2024,2024-11-29
Chronic Kidney Disease,Hypertension,72.0,3.2,2024,2024-11-29
Chronic Kidney Disease,Cardiovascular Diseases,38.0,2.4,2024,2024-11-29
Depression,Diabetes Type 2,15.8,1.6,2024,2024-11-29
Depression,Cardiovascular Diseases,22.5,1.8,2024,2024-11-29
Chronic Hepatitis C,Diabetes Type 2,28.5,2.2,2024,2024-11-29
Chronic Hepatitis C,Liver Cancer,12.4,5.8,2024,2024-11-29
