﻿Disease_Name_EN,Severity_Level,Disability_Weight,Quality_Of_Life_Score,Requires_Daily_Medication,Hospitalization_Rate_Percent
Diabetes Type 2,Moderate,0.15,6.5,Yes,12.5
Diabetes Type 1,High,0.28,5.2,Yes,18.2
Hypertension,Moderate,0.08,7.2,Yes,8.5
Cardiovascular Diseases,High,0.35,5.8,Yes,22.5
Stroke,Very High,0.68,3.5,Yes,35.8
COPD,High,0.45,4.8,Yes,28.5
Chronic Kidney Disease,High,0.42,5.0,Yes,32.0
End-Stage Renal Disease,Very High,0.78,3.2,Yes,85.0
Liver Cancer,Very High,0.85,2.8,Yes,45.0
Dementia,Very High,0.72,3.0,Yes,18.5
Osteoarthritis,Moderate,0.25,6.0,No,5.2
Depression,Moderate,0.32,5.5,Yes,8.5
