﻿Governorate,Region,Urban_Rural,Diabetes_Prevalence,Hypertension_Prevalence,Obesity_Prevalence,CKD_Prevalence,Population_Millions
Cairo,Greater Cairo,Urban,24.5,42.0,38.5,14.2,10.2
Alexandria,Alexandria,Urban,23.8,41.5,37.2,13.5,5.5
Giza,Greater Cairo,Mixed,23.2,40.8,36.8,13.8,9.5
Dakahlia,Delta,Mixed,22.8,42.5,46.7,12.8,6.8
Sharqia,Delta,Mixed,21.5,39.5,35.5,12.5,7.5
Qalyubia,Greater Cairo,Mixed,22.0,40.0,36.0,13.0,5.6
Beheira,Delta,Rural,20.8,38.5,33.5,11.8,6.2
Gharbia,Delta,Mixed,21.2,39.8,35.2,12.2,5.1
Minya,Upper Egypt,Mixed,20.5,37.5,32.5,12.0,5.9
Assiut,Upper Egypt,Mixed,19.8,36.8,31.0,11.5,4.5
Sohag,Upper Egypt,Rural,19.2,36.0,30.5,11.2,5.2
Qena,Upper Egypt,Rural,18.5,35.5,28.7,10.8,3.2
Luxor,Upper Egypt,Mixed,19.0,36.2,31.5,11.0,1.3
Aswan,Upper Egypt,Mixed,18.8,35.8,30.8,10.5,1.5
Red Sea,Other,Urban,22.0,39.0,34.0,12.5,0.4
Port Said,Canal,Urban,23.5,40.5,35.8,13.2,0.75
Suez,Canal,Urban,22.8,39.8,34.5,12.8,0.73
Ismailia,Canal,Mixed,21.8,38.5,33.8,12.0,1.3
Damietta,Delta,Mixed,21.0,39.2,40.2,11.5,1.6
Kafr El Sheikh,Delta,Rural,20.5,38.0,34.8,11.0,3.5
