﻿Disease_Name_EN,Annual_Deaths,Percent_Of_Total_Deaths,Mortality_Rate_Per_100K,Premature_Death_30_70_Percent,YLL_Years_Of_Life_Lost
Cardiovascular Diseases,250000,42.6,250,28.0,3200000
Diabetes-Related Deaths,86200,14.7,86,12.5,980000
Obesity-Related Deaths,115000,19.6,115,15.8,1450000
Respiratory Diseases,42000,7.2,42,6.5,580000
Liver Cancer,26971,4.6,27,,420000
Breast Cancer,9596,1.6,10,,185000
Lung Cancer,6805,1.2,7,,125000
Colorectal Cancer,3096,0.5,3,,58000
Kidney Diseases,69000,11.8,69,8.2,890000
Cirrhosis,15600,2.7,16,,245000
Dementia,12000,2.0,12,,180000
Road Traffic (NCD-related),8500,1.4,9,,142000
