﻿Disease_Name_EN,Gender,Prevalence_Percent,Cases_Estimated
Diabetes Type 2,Male,18.8,5600000
Diabetes Type 2,Female,23.4,6900000
Diabetes Type 1,Male,0.25,72500
Diabetes Type 1,Female,0.29,77500
Hypertension,Male,38.0,9500000
Hypertension,Female,42.0,12500000
Obesity,Male,25.9,6500000
Obesity,Female,44.7,12800000
COPD,Male,8.0,2100000
COPD,Female,5.5,1500000
Asthma,Male,5.0,1500000
Asthma,Female,8.0,2200000
Cardiovascular Diseases,Male,45.0,13200000
Cardiovascular Diseases,Female,38.0,10300000
Chronic Kidney Disease,Male,14.2,3900000
Chronic Kidney Disease,Female,11.8,3200000
Depression,Male,3.2,970000
Depression,Female,8.4,2220000
Osteoarthritis,Male,8.5,2000000
Osteoarthritis,Female,16.5,4875000
Breast Cancer,Male,0.01,5000
Breast Cancer,Female,0.053,21845
