﻿Disease_Category,Annual_Direct_Cost_Billion_EGP,Indirect_Cost_Billion_EGP,Total_Cost_Billion_EGP,Percent_Of_Healthcare_Budget,DALYs_Lost_Thousands,Productivity_Loss_Billion_EGP
Diabetes Type 2,31.2,18.5,49.7,12.5,850,12.5
Diabetes Type 1,2.8,1.2,4.0,1.0,68,0.8
Cardiovascular Diseases,45.8,28.3,74.1,18.6,1250,19.2
Obesity-Related Diseases,62.0,35.2,97.2,24.4,980,24.8
Respiratory Diseases,12.5,8.2,20.7,5.2,420,5.6
Cancer,18.7,12.4,31.1,7.8,680,8.4
Kidney Diseases,22.4,14.8,37.2,9.3,540,10.2
Liver Diseases,15.6,9.7,25.3,6.4,380,6.5
Mental Health,8.9,15.6,24.5,6.2,720,11.2
Musculoskeletal,11.2,6.8,18.0,4.5,290,4.5
