﻿Disease_Name_EN,Category,Prevalence_Percent,Total_Cases_Estimated,Annual_Deaths,Global_Rank_Egypt,Source
Diabetes Type 2,Metabolic,22.4,12500000,85000.0,9.0,World Bank/IDF 2024
Diabetes Type 1,Metabolic,0.27,150000,1200.0,15.0,IDF Atlas 2024
Prediabetes,Metabolic,14.5,8000000,,,Egyptian Studies
Obesity,Metabolic,35.0,19300000,115000.0,1.0,WHO/World Obesity 2024
Central Obesity,Metabolic,28.7,15800000,,,WHO EMRO Study
Metabolic Syndrome,Metabolic,31.2,17200000,18500.0,,NCRI 2018
Hypertension,Cardiovascular,40.0,22000000,,,WHO EMRO STEPwise 2012
Cardiovascular Diseases,Cardiovascular,42.6,23500000,250000.0,1.0,WHO EMRO 2024
Ischemic Heart Disease,Cardiovascular,33.6,18500000,58000.0,,NCRI 2018
Stroke,Cardiovascular,15.3,8400000,42000.0,,WHO Estimates
Heart Failure,Cardiovascular,2.8,1540000,12400.0,,Egyptian Cardiology
Atrial Fibrillation,Cardiovascular,1.2,660000,3500.0,,Egyptian Studies
COPD,Respiratory,6.6,3600000,,,Egyptian Studies 2015
Asthma,Respiratory,6.7,3700000,2800.0,,SNAPSHOT Study 2018
Chronic Bronchitis,Respiratory,4.2,2310000,,,Egyptian Respiratory Society
Chronic Kidney Disease,Kidney,13.0,7100000,25000.0,,Egyptian Nephrology
End-Stage Renal Disease,Kidney,0.08,44000,44000.0,,WHO Egypt
Fatty Liver Disease,Liver,35.0,19300000,,,Egyptian Hepatology
Chronic Hepatitis C,Liver,7.0,3850000,8500.0,10.0,WHO Egypt HCV
Cirrhosis,Liver,1.8,990000,15600.0,,Egyptian Studies
Liver Cancer,Cancer,0.028,27946,26971.0,1.0,GLOBOCAN 2022
Breast Cancer,Cancer,0.026,26845,9596.0,2.0,GLOBOCAN 2022
Lung Cancer,Cancer,0.0074,7643,6805.0,5.0,GLOBOCAN 2022
Colorectal Cancer,Cancer,0.0058,5940,3096.0,7.0,GLOBOCAN 2022
Bladder Cancer,Cancer,0.0041,4200,2890.0,8.0,GLOBOCAN 2022
Stomach Cancer,Cancer,0.003,3150,2450.0,11.0,GLOBOCAN 2022
Depression,Mental Health,5.8,3190000,,,WHO Mental Health Egypt
Anxiety Disorders,Mental Health,8.2,4510000,,,WHO Mental Health Egypt
Osteoarthritis,Musculoskeletal,12.5,6875000,,,Egyptian Orthopedic
Rheumatoid Arthritis,Musculoskeletal,0.4,220000,,,Egyptian Rheumatology
Osteoporosis,Musculoskeletal,6.8,3740000,18500.0,,IOF Egypt
Dementia,Neurological,1.5,825000,12000.0,,WHO Neurological
Epilepsy,Neurological,0.65,357500,4200.0,,Egyptian Neurology Society
