﻿Disease_Name_EN,Region,Prevalence_Percent,Rank_Position,Ratio_Egypt_To_Global
Diabetes Type 2,Egypt,22.4,9.0,2.04
Diabetes Type 2,Global Average,11.0,,
Diabetes Type 1,Egypt,0.27,15.0,1.23
Diabetes Type 1,Global Average,0.22,,
Obesity,Egypt,35.0,1.0,2.69
Obesity,Global Average,13.0,,
Hypertension,Egypt,40.0,,1.82
Hypertension,Global Average,22.0,,
COPD,Egypt,6.6,,0.64
COPD,Global Average,10.3,,
Chronic Kidney Disease,Egypt,13.0,,1.43
Chronic Kidney Disease,Global Average,9.1,,
Depression,Egypt,5.8,,1.49
Depression,Global Average,3.9,,
