﻿Primary_Disease,Comorbid_Condition,Comorbidity_Percent,Relative_Risk
Diabetes Type 2,Hypertension,65.0,2.8
Diabetes Type 2,Cardiovascular Disease,45.0,2.5
Diabetes Type 2,Obesity,75.0,3.2
Diabetes Type 2,Chronic Kidney Disease,38.5,3.5
Hypertension,Cardiovascular Disease,58.0,2.2
Hypertension,Diabetes,52.0,2.4
Hypertension,Kidney Disease,24.0,2.8
Hypertension,Stroke,18.5,3.1
Obesity,Diabetes,74.0,3.5
Obesity,Hypertension,68.0,2.9
Obesity,CVD,52.0,2.6
Obesity,Fatty Liver,75.0,4.2
Obesity,Osteoarthritis,45.0,2.8
COPD,Cardiovascular Disease,24.3,1.8
COPD,Hypertension,15.0,1.5
COPD,Depression,28.5,2.1
Chronic Kidney Disease,Diabetes,48.5,2.9
Chronic Kidney Disease,Hypertension,72.0,3.2
Chronic Kidney Disease,CVD,38.0,2.4
Depression,Diabetes,15.8,1.6
Depression,Cardiovascular Disease,22.5,1.8
Chronic Hepatitis C,Diabetes,28.5,2.2
Chronic Hepatitis C,Liver Cancer,12.4,5.8
