﻿Risk_Factor_EN,Prevalence_Percent,Population_Affected_Millions,Associated_Diseases,Severity_Score,Source
Smoking,24.0,13.2,"COPD, Lung Cancer, CVD",8,WHO EMRO STEPwise 2012
Physical Inactivity,74.0,40.7,"Diabetes, Obesity, CVD",9,WHO EMRO Survey 2012
Overweight/Obesity,66.0,36.3,"Diabetes, Hypertension, CVD",10,WHO EMRO Survey 2012
High Cholesterol,40.0,22.0,"CVD, Stroke",7,Egyptian Studies
High Blood Pressure,40.0,22.0,"CVD, Stroke, Kidney Disease",8,WHO EMRO 2012
Unhealthy Diet,58.0,31.9,"Diabetes, Obesity, CVD",8,National Surveys
Biomass Fuel Exposure,82.0,45.1,"COPD, Respiratory Diseases",7,Egyptian Studies
HCV Infection History,7.0,3.85,"Liver Cancer, Cirrhosis",9,WHO Egypt Data
Air Pollution Exposure,95.0,52.3,"Asthma, COPD, Lung Cancer",8,WHO Air Quality Egypt
Insufficient Water Intake,68.0,37.4,"Kidney Disease, Hypertension",6,Egyptian Health Survey
Excessive Salt Intake,72.0,39.6,"Hypertension, CVD, Kidney Disease",7,WHO Egypt
Low Fruit/Vegetable Consumption,85.0,46.8,"CVD, Cancer, Diabetes",7,FAO Egypt Data
Alcohol Consumption,2.5,1.4,"Liver Disease, CVD",5,WHO Egypt
Sleep Deprivation,62.0,34.1,"Obesity, Diabetes, Depression",6,Egyptian Sleep Study
