﻿Year,Disease_Name_EN,Prevalence_Percent
2010,Diabetes Type 2,9.3
2010,Diabetes Type 1,0.18
2010,Obesity,28.0
2010,Hypertension,26.3
2010,Chronic Kidney Disease,8.5
2010,Depression,3.2
2010,Asthma,5.8
2011,Diabetes Type 2,10.200000000000001
2011,Diabetes Type 1,0.186
2011,Obesity,28.5
2011,Hypertension,27.3
2011,Chronic Kidney Disease,8.82
2011,Depression,3.3800000000000003
2011,Asthma,5.865
2012,Diabetes Type 2,11.100000000000001
2012,Diabetes Type 1,0.192
2012,Obesity,29.0
2012,Hypertension,28.3
2012,Chronic Kidney Disease,9.14
2012,Depression,3.56
2012,Asthma,5.93
2013,Diabetes Type 2,12.0
2013,Diabetes Type 1,0.198
2013,Obesity,29.5
2013,Hypertension,29.3
2013,Chronic Kidney Disease,9.46
2013,Depression,3.74
2013,Asthma,5.995
2014,Diabetes Type 2,12.9
2014,Diabetes Type 1,0.204
2014,Obesity,30.0
2014,Hypertension,30.3
2014,Chronic Kidney Disease,9.78
2014,Depression,3.92
2014,Asthma,6.06
2015,Diabetes Type 2,13.8
2015,Diabetes Type 1,0.21
2015,Obesity,30.5
2015,Hypertension,31.3
2015,Chronic Kidney Disease,10.1
2015,Depression,4.1
2015,Asthma,6.125
2016,Diabetes Type 2,14.700000000000001
2016,Diabetes Type 1,0.216
2016,Obesity,31.0
2016,Hypertension,32.3
2016,Chronic Kidney Disease,10.42
2016,Depression,4.28
2016,Asthma,6.1899999999999995
2017,Diabetes Type 2,15.600000000000001
2017,Diabetes Type 1,0.222
2017,Obesity,31.5
2017,Hypertension,33.3
2017,Chronic Kidney Disease,10.74
2017,Depression,4.46
2017,Asthma,6.255
2018,Diabetes Type 2,16.5
2018,Diabetes Type 1,0.22799999999999998
2018,Obesity,32.0
2018,Hypertension,34.3
2018,Chronic Kidney Disease,11.06
2018,Depression,4.640000000000001
2018,Asthma,6.32
2019,Diabetes Type 2,17.4
2019,Diabetes Type 1,0.23399999999999999
2019,Obesity,32.5
2019,Hypertension,35.3
2019,Chronic Kidney Disease,11.379999999999999
2019,Depression,4.82
2019,Asthma,6.385
2020,Diabetes Type 2,18.3
2020,Diabetes Type 1,0.24
2020,Obesity,33.0
2020,Hypertension,36.3
2020,Chronic Kidney Disease,11.7
2020,Depression,5.0
2020,Asthma,6.45
2021,Diabetes Type 2,19.200000000000003
2021,Diabetes Type 1,0.246
2021,Obesity,33.5
2021,Hypertension,37.3
2021,Chronic Kidney Disease,12.02
2021,Depression,5.18
2021,Asthma,6.515
2022,Diabetes Type 2,20.1
2022,Diabetes Type 1,0.252
2022,Obesity,34.0
2022,Hypertension,38.3
2022,Chronic Kidney Disease,12.34
2022,Depression,5.36
2022,Asthma,6.58
2023,Diabetes Type 2,21.0
2023,Diabetes Type 1,0.258
2023,Obesity,34.5
2023,Hypertension,39.3
2023,Chronic Kidney Disease,12.66
2023,Depression,5.54
2023,Asthma,6.645
2024,Diabetes Type 2,21.9
2024,Diabetes Type 1,0.264
2024,Obesity,35.0
2024,Hypertension,40.3
2024,Chronic Kidney Disease,12.98
2024,Depression,5.720000000000001
2024,Asthma,6.71
