﻿Disease_Name_EN,Age_Group,Prevalence_Percent
Diabetes Type 2,0-19,0.5
Diabetes Type 2,20-29,8.0
Diabetes Type 2,30-39,15.0
Diabetes Type 2,40-49,22.0
Diabetes Type 2,50-59,32.0
Diabetes Type 2,60+,40.0
Diabetes Type 1,0-19,0.35
Diabetes Type 1,20-29,0.3
Diabetes Type 1,30-39,0.25
Diabetes Type 1,40-49,0.2
Diabetes Type 1,50-59,0.15
Diabetes Type 1,60+,0.1
Hypertension,0-19,2.0
Hypertension,20-29,15.0
Hypertension,30-39,25.0
Hypertension,40-49,35.0
Hypertension,50-59,50.0
Hypertension,60+,65.0
Obesity,0-19,18.0
Obesity,20-29,25.0
Obesity,30-39,32.0
Obesity,40-49,38.0
Obesity,50-59,42.0
Obesity,60+,35.0
COPD,0-19,0.1
COPD,20-29,2.0
COPD,30-39,4.0
COPD,40-49,6.0
COPD,50-59,8.0
COPD,60+,12.0
Asthma,0-19,4.0
Asthma,20-29,5.0
Asthma,30-39,6.0
Asthma,40-49,7.0
Asthma,50-59,8.0
Asthma,60+,9.0
Chronic Kidney Disease,0-19,1.0
Chronic Kidney Disease,20-29,5.0
Chronic Kidney Disease,30-39,8.0
Chronic Kidney Disease,40-49,12.0
Chronic Kidney Disease,50-59,18.0
Chronic Kidney Disease,60+,28.0
Depression,0-19,2.5
Depression,20-29,4.8
Depression,30-39,6.2
Depression,40-49,7.5
Depression,50-59,6.8
Depression,60+,5.2
Osteoarthritis,0-19,0.2
Osteoarthritis,20-29,2.0
Osteoarthritis,30-39,6.0
Osteoarthritis,40-49,12.0
Osteoarthritis,50-59,22.0
Osteoarthritis,60+,35.0
Dementia,0-19,0.0
Dementia,20-29,0.0
Dementia,30-39,0.1
Dementia,40-49,0.5
Dementia,50-59,2.0
Dementia,60+,8.0
